0.6,-0.2,-9.8,-0.8,-55.3,-0.6
0.6,-0.2,-9.8,-14.5,103.1,-25.6
1.3,-0.2,-15.6,-14.5,103.1,-25.6
1.3,-0.2,-15.6,-60.7,-152.4,76.6
-6.6,-4,1.4,-60.7,-152.4,76.6
4.1,-3.1,-17.9,-60.7,-152.4,76.6
4.1,-3.1,-17.9,-29.1,95.9,-88.3
4.1,-3.1,-17.9,21.2,14.5,100.7
-4.1,-5.1,-7.5,21.2,14.5,100.7
-4.1,-5.1,-7.5,-79.7,-70.9,-48.4
3.9,-4.8,-4.9,-79.7,-70.9,-48.4
-2.2,-1.1,-10.5,-79.7,-70.9,-48.4
-2.2,-1.1,-10.5,16,125.2,54.2
-3,-7.2,-2.1,16,125.2,54.2
-3,-7.2,-2.1,-25.2,-11,96.2
-3,-7.2,-2.1,-50.2,-57.3,-74.9
2,-5.5,-6,-50.2,-57.3,-74.9
-5.3,-2.3,-10.2,-50.2,-57.3,-74.9
-5.3,-2.3,-10.2,-61.7,45.8,61.3
-0.5,-4,-8.8,2.3,13.2,-0.6
-0.8,-3.8,-8.9,2.3,13.2,-0.6
-0.8,-3.8,-8.9,2.3,4.2,1.3
-0.9,-3.8,-8.9,2.3,4.2,1.3
-0.9,-3.8,-8.9,-1.7,1.6,-0.5
-0.9,-3.8,-8.9,-1.7,1.6,-0.5
-0.9,-3.8,-8.9,0.1,0.4,0
-0.4,-3.9,-9,0.1,0.4,0
-0.4,-3.9,-9,-2.8,4.6,-0.6
-0.4,-3.9,-9,-125.7,211.1,49.5
-4.2,1.8,-11.1,-125.7,211.1,49.5
-8.1,-1.8,-5,-125.7,211.1,49.5
-8.1,-1.8,-5,-70.2,-36.2,77.5
-8.1,-1.8,-5,-53.7,-76.3,-19
-4.4,-6.7,2.3,-53.7,-76.3,-19
-0.8,-8.6,-2.1,-53.7,-76.3,-19
-0.8,-8.6,-2.1,-0.3,0.6,-63.8
-1,-5,-7.4,-0.3,0.6,-63.8
-1,-5,-7.4,-1.8,55.2,-91.5
-4.4,0.1,-9.6,-1.8,55.2,-91.5
-4.4,0.1,-9.6,-26.8,107.4,-11.9
-8,0.6,-6,-26.8,107.4,-11.9
-8,0.6,-6,-32.7,-20.2,104.4
-5.7,-5.6,-0.2,-32.7,-20.2,104.4
-5.7,-5.6,-0.2,-66.7,-105.1,5.8
-5.7,-5.6,-0.2,-17.3,-24.8,-56.3
-1.7,-8.8,-0.4,-17.3,-24.8,-56.3
-1.7,-8.8,-0.4,-7.9,24.7,-58
-0.6,-7.3,-6.8,-7.9,24.7,-58
-4.7,-2.5,-9.2,-7.9,24.7,-58
-4.7,-2.5,-9.2,-30.7,68.6,-34.2
-8.6,2,-8.2,-30.7,68.6,-34.2
-8.6,2,-8.2,-27.3,97.2,50.3
-8.6,2,-8.2,-31.1,-1.6,110.1
-7.8,-0.1,-8.2,-31.1,-1.6,110.1
-6.2,-6.3,-0.5,-31.1,-1.6,110.1
-6.2,-6.3,-0.5,-66,-67.5,10.7
-6.2,-6.3,-0.5,-20,-43.8,-54
-2.8,-8.1,0.4,-20,-43.8,-54
-2.8,-8.1,0.4,-21.8,-7.7,-89.4
0.1,-7.2,-4.8,-21.8,-7.7,-89.4
-4.5,-2,-8.3,-21.8,-7.7,-89.4
-4.5,-2,-8.3,-25,57.1,-48.6
-5.5,1.1,-8.2,-25,57.1,-48.6
-5.5,1.1,-8.2,-53.7,94.8,86.2
-5.5,1.1,-8.2,-72.9,-33.7,105.3
-10,0.7,-6.1,-72.9,-33.7,105.3
-4,-6.6,3.5,-72.9,-33.7,105.3
-4,-6.6,3.5,-79.8,-61.1,-34.7
-4,-6.6,3.5,-17.2,-13,-69.9
-2.6,-7.9,-0.1,-17.2,-13,-69.9
-3.1,-5.1,-8,-17.2,-13,-69.9
-3.1,-5.1,-8,-24.3,18.7,-98.9
-7.5,0.2,-8.1,-24.3,18.7,-98.9
-7.5,0.2,-8.1,-21.4,79.3,20.1
-7.5,0.2,-8.1,-34.1,16.9,93.8
-9.4,0.9,-8,-34.1,16.9,93.8
-9.4,0.9,-8,-46,-74.8,40.3
-8.4,-3.3,-0.3,-46,-74.8,40.3
-4.4,-7.2,2.6,-46,-74.8,40.3
-4.4,-7.2,2.6,-59.7,-27,-18.5
-1.8,-8.4,-0.9,-59.7,-27,-18.5
-1.8,-8.4,-0.9,-21.5,-3.3,-79.5
-1.8,-8.4,-0.9,-21,79.3,-38
-3.8,-5.8,-8.5,-21,79.3,-38
-3.8,-5.8,-8.5,-10.9,61.8,33.8
-5.3,-2.5,-7.9,-10.9,61.8,33.8
-8.4,-0.7,-7.6,-10.9,61.8,33.8
-8.4,-0.7,-7.6,-23.1,42.3,59.4
-8.7,-2.9,0.5,-23.1,42.3,59.4
-8.7,-2.9,0.5,-73.4,-63.9,47.4
-4.3,-7.7,0.8,-73.4,-63.9,47.4
-4.3,-7.7,0.8,-46.4,-31.6,-37.8
-4.3,-7.7,0.8,2.7,-3.8,-64.7
-2.2,-8.2,-3.3,2.7,-3.8,-64.7
-2.2,-8.2,-3.3,-0.7,60,-49.5
-5,-4.3,-7.4,-0.7,60,-49.5
-7.1,-1.6,-8.5,-0.7,60,-49.5
-7.1,-1.6,-8.5,-11.2,54.1,18.4
-8.5,-0.6,-8.1,-11.2,54.1,18.4
-8.5,-0.6,-8.1,-2.6,30.5,73.4
-6,-5,-3.2,-2.6,30.5,73.4
-6,-5,-3.2,-2.4,-68.6,76.9
-6,-5,-3.2,-65.6,-43.1,-19.1
-2.9,-8.3,-1.9,-65.6,-43.1,-19.1
1.5,-7.3,-3.9,-65.6,-43.1,-19.1
1.5,-7.3,-3.9,-26.2,-40.9,-67.1
0.9,-4.4,-8.2,-26.2,-40.9,-67.1
0.9,-4.4,-8.2,5.4,25.8,-50.1
-1.3,-0.9,-11.3,5.4,25.8,-50.1
-1.3,-0.9,-11.3,-0.2,68.1,-29.3
-4.8,-0.6,-10.9,-0.2,68.1,-29.3
-4.8,-0.6,-10.9,3.3,42.7,38.2
-4.1,-4.8,-6.3,3.3,42.7,38.2
-4.1,-4.8,-6.3,-7.3,-39.4,73.9
-1.1,-8.3,-4,-7.3,-39.4,73.9
-1.1,-8.3,-4,-49.8,-43.3,15.4
-1.1,-8.3,-4,-47.5,-36.3,-45.8
1.7,-6.9,-5,-47.5,-36.3,-45.8
0.7,-4.4,-9.4,-47.5,-36.3,-45.8
0.7,-4.4,-9.4,-6.5,37.6,-43.2
0.7,-4.4,-9.4,-34.4,95.6,6.4
-3.8,-1.5,-10.4,-34.4,95.6,6.4
-3.8,-1.5,-10.4,0.6,-2.6,77.8
-7.3,-1.8,-7.1,0.6,-2.6,77.8
-4.7,-6.6,-2.7,0.6,-2.6,77.8
-4.7,-6.6,-2.7,-37.7,-55.1,46.5
-4.7,-6.6,-2.7,-20.8,-53.1,-31.2
-1.4,-7.9,-1.5,-20.8,-53.1,-31.2
-1.4,-7.9,-1.5,-28.4,7.3,-66.9
1,-6.5,-6.2,-28.4,7.3,-66.9
1,-6.5,-6.2,-4.8,59.6,-32.8
-2,-2.9,-11.1,-4.8,59.6,-32.8
-3.7,-2.2,-11,-4.8,59.6,-32.8
-3.7,-2.2,-11,15.9,40,35.9
-3.7,-2.2,-11,-13.9,-20.8,76.5
-4.7,-5,-5.5,-13.9,-20.8,76.5
-4.7,-5,-5.5,-32.7,-48.5,-12.3
-1.1,-7.8,-1.1,-32.7,-48.5,-12.3
1.6,-5.8,-8.4,-32.7,-48.5,-12.3
1.6,-5.8,-8.4,-14.1,-4.6,-81.7
-1.2,-0.8,-12.1,-14.1,-4.6,-81.7
-1.2,-0.8,-12.1,-48.3,107.5,-27.9
-1.2,-0.8,-12.1,-21,11.4,82.1
-7.2,-1.1,-9.9,-21,11.4,82.1
-4.2,-7,-4.1,-21,11.4,82.1
-4.2,-7,-4.1,-45.3,-47.6,54.2
-2.5,-8.5,-1.6,-45.3,-47.6,54.2
-2.5,-8.5,-1.6,-46.3,-45.1,-1.9
-2.5,-8.5,-1.6,-69,17.3,-89
1.2,-5.8,-7,-69,17.3,-89
-2.9,-0.9,-9.9,-69,17.3,-89
-2.9,-0.9,-9.9,16,68.8,-42.6
-2.9,-0.9,-9.9,-8.5,64.4,78
-6.7,0.9,-12,-8.5,64.4,78
-6.7,0.9,-12,-17.6,-48.4,48.7
-8,-4.6,-3.8,-17.6,-48.4,48.7
-4.8,-7.6,-0.3,-17.6,-48.4,48.7
-4.8,-7.6,-0.3,-33.2,-53.4,-12.9
0.3,-7.4,-3.5,-33.2,-53.4,-12.9
0.3,-7.4,-3.5,-9,-38.9,-70.3
-1.5,-3.3,-9.1,-9,-38.9,-70.3
-1.5,-3.3,-9.1,-8.4,51.4,-71.8
-7.4,0.5,-9.9,-8.4,51.4,-71.8
-7.4,0.5,-9.9,-63.4,77.4,57.7
-8.9,0,-6.3,-63.4,77.4,57.7
-8.9,0,-6.3,12,1.6,84.9
-8.9,0,-6.3,-68.5,-24.2,32.9
-6.2,-5,-3.1,-68.5,-24.2,32.9
-6.2,-5,-3.1,-46.6,-56.8,-24.3
-4.7,-7.1,-1.1,-46.6,-56.8,-24.3
0.2,-6.3,-5.8,-46.6,-56.8,-24.3
0.2,-6.3,-5.8,-6.7,-18.2,-99
-2.4,-1.7,-9.6,-6.7,-18.2,-99
-2.4,-1.7,-9.6,-22.5,31.9,-50.7
-2.4,-1.7,-9.6,-33.5,95,35.6
-4.6,1.2,-11.1,-33.5,95,35.6
-7.3,-1.3,-8.3,-33.5,95,35.6
-7.3,-1.3,-8.3,-21.7,14.9,92.3
-5.7,-7,-4.7,-21.7,14.9,92.3
-5.7,-7,-4.7,-45.7,-42.3,33.8
-2.9,-7.9,-1.2,-45.7,-42.3,33.8
-2.9,-7.9,-1.2,-41.5,-49.2,-17.2
-2.9,-7.9,-1.2,-27.2,-39.2,-101.7
0.6,-6.4,-5.8,-27.2,-39.2,-101.7
-3.4,-1.6,-8.3,-27.2,-39.2,-101.7
-3.4,-1.6,-8.3,-2.2,43.5,-54
-6.1,1.7,-11.3,-2.2,43.5,-54
-6.1,1.7,-11.3,-37.5,100.4,89.5
-9.2,-2,-5.6,-37.5,100.4,89.5
-9.2,-2,-5.6,-26.4,-42.2,69
-5.8,-7.7,-2,-26.4,-42.2,69
-5.8,-7.7,-2,-60.8,-37.2,8.1
1.3,-6.3,-2.4,-60.8,-37.2,8.1
1.3,-6.3,-2.4,-30.2,-43.2,-79.2
1.3,-6.3,-2.4,-37.2,48.1,-75.1
-1.6,-2,-11.1,-37.2,48.1,-75.1
-5.9,1.8,-10.3,-37.2,48.1,-75.1
-5.9,1.8,-10.3,-67.5,120.5,73.2
-5.9,1.8,-10.3,-32.3,-30.9,119.8
-8.1,-1.2,-7.4,-32.3,-30.9,119.8
-4.9,-6.1,0,-32.3,-30.9,119.8
-4.9,-6.1,0,-60.3,-50.2,-8.6
0.3,-4.8,-7.1,-60.3,-50.2,-8.6
0.3,-4.8,-7.1,-34.8,2.4,-115
0.3,-4.8,-7.1,-49.9,74.2,-47.3
-3.6,0.4,-11.5,-49.9,74.2,-47.3
-10.4,3.1,-9.4,-49.9,74.2,-47.3
-10.4,3.1,-9.4,3.5,44.5,134
-7.4,-3,-1.4,3.5,44.5,134
-7.4,-3,-1.4,-48.2,-105.6,52.8
-7.4,-3,-1.4,-56.6,-49.9,-80.6
-1.5,-6.7,-0.8,-56.6,-49.9,-80.6
-0.8,-4.5,-8.4,-56.6,-49.9,-80.6
-0.8,-4.5,-8.4,-3.5,34.2,-82.3
-0.8,-4.5,-8.4,-91.7,108.4,30.3
-5.3,1,-11.3,-91.7,108.4,30.3
-5.3,1,-11.3,-43.9,-19.8,105.6
-10,1.6,-4.7,-43.9,-19.8,105.6
-8.8,-3.8,3.2,-43.9,-19.8,105.6
-8.8,-3.8,3.2,-104.3,-74.5,7.5
-8.8,-3.8,3.2,-21.5,14.4,-93.6
-0.7,-8.1,-0.4,-21.5,14.4,-93.6
-8.1,-3.7,-7.4,-21.5,14.4,-93.6
-8.1,-3.7,-7.4,-107.8,162.6,7.5
-8.1,-3.7,-7.4,-111.2,-33.9,64.2
-11.2,2.4,-2.1,-111.2,-33.9,64.2
-11.2,2.4,-2.1,-57.3,-84.8,20.1
-8.1,-0.4,5.7,-57.3,-84.8,20.1
-8.1,-0.4,5.7,-17,-139.1,-125.9
2,-5.7,4.2,-17,-139.1,-125.9
2.8,-3.5,-10.5,-17,-139.1,-125.9
2.8,-3.5,-10.5,-72.1,68.5,-129
-8.2,3.1,-8,-72.1,68.5,-129
-8.2,3.1,-8,-88.5,58.1,79.7
-11,-0.8,-2.1,-88.5,58.1,79.7
-11,-0.8,-2.1,-70.5,-120,105.5
-11,-0.8,-2.1,-63.9,-81.4,-72.3
-2.3,-6.2,2.1,-63.9,-81.4,-72.3
1.9,-2.8,-10.7,-63.9,-81.4,-72.3
1.9,-2.8,-10.7,-48.8,57,-111.5
1.9,-2.8,-10.7,-17.7,144.8,65.8
-5.5,2.9,-10.6,-17.7,144.8,65.8
-6.8,-1.7,-5.7,-17.7,144.8,65.8
-6.8,-1.7,-5.7,-48.8,-59.4,104.1
-6.8,-1.7,-5.7,-85.1,-51,-1.7
-6.2,-6.8,-0.3,-85.1,-51,-1.7
1.4,-5.1,-4.6,-85.1,-51,-1.7
1.4,-5.1,-4.6,-41,-19.9,-138.9
1.4,-5.1,-4.6,-44.2,104.7,2.3
-4.6,0.1,-12.7,-44.2,104.7,2.3
-9.2,0.6,-8.6,-44.2,104.7,2.3
-9.2,0.6,-8.6,-27,42,86.4
-9.2,0.6,-8.6,-53.8,-56,29.6
-6.5,-4.8,-2.2,-53.8,-56,29.6
-2.4,-7.1,0.3,-53.8,-56,29.6
-2.4,-7.1,0.3,-45.2,-68.6,-70.2
0.1,-2.7,-9.4,-45.2,-68.6,-70.2
0.1,-2.7,-9.4,-63.8,29.8,-117.6
-5.1,3.1,-9.7,-63.8,29.8,-117.6
-5.1,3.1,-9.7,-63.6,145.3,63.2
-10.1,1.6,-9.2,-63.6,145.3,63.2
-10.1,1.6,-9.2,-59.4,-36.2,102.7
-5.9,-5.5,-1.5,-59.4,-36.2,102.7
-5.9,-5.5,-1.5,-15.8,-96.7,19.3
-1.1,-7.2,-0.3,-15.8,-96.7,19.3
-1.1,-7.2,-0.3,-69.6,-55.7,-79.7
-1.1,-7.2,-0.3,-34.7,116.1,-72.6
-1.5,-3.5,-10.4,-34.7,116.1,-72.6
-7.6,1.2,-9.1,-34.7,116.1,-72.6
-7.6,1.2,-9.1,12.8,116.8,109.8
-11.1,-1.2,-4.5,12.8,116.8,109.8
-11.1,-1.2,-4.5,-27.6,-56,103.8
-2.1,-6.8,1.3,-27.6,-56,103.8
-2.1,-6.8,1.3,-104.6,-73.4,-6.1
-2.1,-6.8,1.3,-24.2,77.6,-134.2
1.2,-4,-9,-24.2,77.6,-134.2
-6.1,1.7,-10.5,-24.2,77.6,-134.2
-6.1,1.7,-10.5,-52.5,114.8,43.6
-8.8,0.6,-5.3,-52.5,114.8,43.6
-8.8,0.6,-5.3,-59.8,-78.6,110.3
-8.8,0.6,-5.3,-97.9,-112.5,-42.4
-1.3,-7.3,1.7,-97.9,-112.5,-42.4
2.3,-2.8,-9.2,-97.9,-112.5,-42.4
2.3,-2.8,-9.2,-39.7,33.7,-104.3
-5,1.1,-11.5,-39.7,33.7,-104.3
-5,1.1,-11.5,-55.5,111.7,37.2
-10.2,0,-5.9,-55.5,111.7,37.2
-10.2,0,-5.9,-39.9,-9,122.9
-10.2,0,-5.9,-57.2,-97,-5.8
-3.3,-6.6,1,-57.2,-97,-5.8
-3.3,-6.6,1,-57.6,-0.7,-126.8
2.8,-5.2,-7.1,-57.6,-0.7,-126.8
-3.9,1.9,-11.8,-57.6,-0.7,-126.8
-3.9,1.9,-11.8,-81.3,121.7,-18
-8.6,2.2,-8,-81.3,121.7,-18
-8.6,2.2,-8,-60.3,17,90
-7.2,-4.5,-3,-60.3,17,90
-7.2,-4.5,-3,-61.4,-62.9,53
0,-7.4,0.7,-61.4,-62.9,53
0,-7.4,0.7,-59.3,-103.3,-65.4
0,-7.4,0.7,-38.3,56.7,-82.9
3.1,-4.1,-8.1,-38.3,56.7,-82.9
-5.3,-0.7,-13.3,-38.3,56.7,-82.9
-5.3,-0.7,-13.3,-25.4,93.6,79.4
-7.2,-4.5,-2.8,-25.4,93.6,79.4
-7.2,-4.5,-2.8,-38.2,-21.9,65.9
-4.6,-6.7,1.9,-38.2,-21.9,65.9
-4.6,-6.7,1.9,-81,-107.8,-14.7
4,-6.3,-5.9,-81,-107.8,-14.7
4,-6.3,-5.9,-37.6,72.2,-90.3
4,-6.3,-5.9,-23.8,82.6,15.2
-5.2,-1.5,-11,-23.8,82.6,15.2
-8.5,-1.6,-7.4,-23.8,82.6,15.2
-8.5,-1.6,-7.4,-38.1,36.7,100.3
-7.4,-4.5,1.8,-38.1,36.7,100.3
-7.4,-4.5,1.8,-65.2,-85.3,24.1
-7.4,-4.5,1.8,-72.3,-73.1,-115.8
0.5,-6.7,-1.8,-72.3,-73.1,-115.8
-0.4,-2.2,-9.5,-72.3,-73.1,-115.8
-0.4,-2.2,-9.5,-48,110.6,-66.4
-9,0.7,-7.8,-48,110.6,-66.4
-9,0.7,-7.8,-1.9,83.1,87.6
-9,0.7,-7.8,-31.1,-51,91.5
-9.7,-2.1,-1.7,-31.1,-51,91.5
-2.6,-6.4,1.8,-31.1,-51,91.5
-2.6,-6.4,1.8,-62.1,-107.7,-74.8
3.4,-5.5,-8.2,-62.1,-107.7,-74.8
3.4,-5.5,-8.2,-41.3,4.2,-111.2
-4.1,0.5,-11.9,-41.3,4.2,-111.2
-4.1,0.5,-11.9,-84.4,131.1,34.3
-10.4,1.1,-6.9,-84.4,131.1,34.3
-10.4,1.1,-6.9,-53.4,36.1,136.3
-6,-5,-0.4,-53.4,36.1,136.3
-6,-5,-0.4,-99.4,-125.4,17.7
2.8,-6,-4.2,-99.4,-125.4,17.7
2.8,-6,-4.2,-61.2,-20,-154.1
-4.5,-1,-9.1,-61.2,-20,-154.1
-4.5,-1,-9.1,-68.2,111.6,-32.2
-8.2,2,-8.3,-68.2,111.6,-32.2
-8.2,2,-8.3,-15.5,43.4,111.8
-8.9,-4.8,2,-15.5,43.4,111.8
-8.9,-4.8,2,-63.8,-88.8,68.6
-8.9,-4.8,2,-68,-67.2,-138.4
0.5,-7.2,-0.9,-68,-67.2,-138.4
0.5,-7.2,-0.9,-86.8,124.3,-68.2
-4.2,0.4,-12.6,-86.8,124.3,-68.2
-8.3,2.3,-8.9,-86.8,124.3,-68.2
-8.3,2.3,-8.9,-4.2,89.2,84
-9.3,-2.8,-3.6,-4.2,89.2,84
-9.3,-2.8,-3.6,5.2,-77.3,115.9
-9.3,-2.8,-3.6,-81.7,-71.3,-72.8
-1.5,-7.1,1.7,-81.7,-71.3,-72.8
-0.5,-2.2,-8.7,-81.7,-71.3,-72.8
-0.5,-2.2,-8.7,-16.6,130,-105.7
-7.1,1.5,-9.1,-16.6,130,-105.7
-7.1,1.5,-9.1,-23.4,75.5,87.4
-10.6,-0.8,-3.1,-23.4,75.5,87.4
-10.6,-0.8,-3.1,-47.4,-68.2,50
-1.6,-6.5,2.2,-47.4,-68.2,50
-1.6,-6.5,2.2,-55.9,-120.9,-40.4
3.6,-4.5,-8.4,-55.9,-120.9,-40.4
3.6,-4.5,-8.4,-70.5,47.2,-119.9
-5.4,0.6,-8.5,-70.5,47.2,-119.9
-5.4,0.6,-8.5,-116.5,152.4,38
-5.4,0.6,-8.5,-67.7,-18.9,101.6
-11.4,1.5,-2.7,-67.7,-18.9,101.6
-11.4,1.5,-2.7,-61.9,-108.3,-34.2
-5.8,-3.6,4,-61.9,-108.3,-34.2
-5.8,-3.6,4,-22.9,8.5,-110.6
1.4,-7,-5.3,-22.9,8.5,-110.6
1.4,-7,-5.3,-8.8,126.4,-23.2
-5.1,0.3,-9.8,-8.8,126.4,-23.2
-5.1,0.3,-9.8,-72,37.5,122.8
-11.5,3.6,-6.6,-72,37.5,122.8
-11.5,3.6,-6.6,-77.1,-125.3,-24
-5.7,-3.3,1.6,-77.1,-125.3,-24
-5.7,-3.3,1.6,-27.8,-41.8,-102.2
2,-7.2,-1.5,-27.8,-41.8,-102.2
-2.7,-1.8,-9.6,-27.8,-41.8,-102.2
-2.7,-1.8,-9.6,-102.8,155.7,-23.1
-10,1.8,-5.6,-102.8,155.7,-23.1
-10,1.8,-5.6,-25,57.5,116
-10,1.8,-5.6,-4.1,-112.6,55.2
-8.4,-1.7,1.2,-4.1,-112.6,55.2
1.9,-7.8,1.6,-4.1,-112.6,55.2
1.9,-7.8,1.6,-30.9,-48.7,-60.5
1.1,-3.9,-9.1,-30.9,-48.7,-60.5
1.1,-3.9,-9.1,-98.9,85.3,-95.2
1.1,-3.9,-9.1,-78.1,116,75.1
-8.4,0.1,-8.8,-78.1,116,75.1
-8.7,1.4,0.7,-78.1,116,75.1
-8.7,1.4,0.7,-121.1,-109.7,1.7
2.7,-7.2,3.8,-121.1,-109.7,1.7
2.7,-7.2,3.8,-91.9,-60.2,-48.4
2.8,-1.2,-9.6,-91.9,-60.2,-48.4
2.8,-1.2,-9.6,-82.6,198.6,-102.2
2.8,-1.2,-9.6,-8.9,69.6,102.8
-9.1,2.1,-10.4,-8.9,69.6,102.8
-9.1,2.1,-10.4,-5.4,-99.2,71.2
-7.4,-4.8,-0.1,-5.4,-99.2,71.2
3,-7.4,0.2,-5.4,-99.2,71.2
3,-7.4,0.2,-62.9,-59.2,-79.2
3,-7.4,0.2,-66.3,153.8,-59.6
-1.9,-3,-10.2,-66.3,153.8,-59.6
-9.9,0,-7.7,-66.3,153.8,-59.6
-9.9,0,-7.7,-41.5,68.6,88.7
-9.7,-2.7,-1.3,-41.5,68.6,88.7
-9.7,-2.7,-1.3,-62.1,-65.5,61.8
2.8,-7.2,3.4,-62.1,-65.5,61.8
2.8,-7.2,3.4,-97,-70.2,-44.1
2.8,-5.2,-8.2,-97,-70.2,-44.1
2.8,-5.2,-8.2,-56,62.4,-99.4
2.8,-5.2,-8.2,-22.1,103,69.9
-7.3,0.4,-9.5,-22.1,103,69.9
-7.3,0.4,-9.5,-68.6,-17.9,116.3
-10.2,-0.7,-3.3,-68.6,-17.9,116.3
0,-7.3,2,-68.6,-17.9,116.3
0,-7.3,2,-31.2,-136.1,-36
3.4,-5.9,-6.6,-31.2,-136.1,-36
3.4,-5.9,-6.6,-39.6,30.8,-104.9
-6.3,-1.7,-9.2,-39.6,30.8,-104.9
-6.3,-1.7,-9.2,-41.7,114.1,44.6
-6.3,-1.7,-9.2,-111.2,41,154.9
-12.8,2.4,-4.3,-111.2,41,154.9
-12.8,2.4,-4.3,-68.3,-166.8,18.8
-5.6,-4.6,2.4,-68.3,-166.8,18.8
2,-7.7,-0.9,-68.3,-166.8,18.8
2,-7.7,-0.9,-20.1,-5.7,-116.7
-4,-2.1,-11.2,-20.1,-5.7,-116.7
-4,-2.1,-11.2,-57.2,114.2,-41.2
-4,-2.1,-11.2,-41.5,83.9,106.5
-7,-0.7,-9.2,-41.5,83.9,106.5
-7,-0.7,-9.2,-80.4,-113.4,38.6
-8.1,-3.4,-0.4,-80.4,-113.4,38.6
2.9,-7.9,1.5,-80.4,-113.4,38.6
2.9,-7.9,1.5,-82.2,-51.2,-87.4
-1.3,-3.9,-9.1,-82.2,-51.2,-87.4
-1.3,-3.9,-9.1,-67,113.9,-62.6
-9.1,1.1,-9.7,-67,113.9,-62.6
-9.1,1.1,-9.7,18.7,73,83.5
-9.1,1.1,-9.7,-107.7,-77.8,61.3
-9.1,-1.3,-0.6,-107.7,-77.8,61.3
-9.1,-1.3,-0.6,-79.1,-86.8,-88.6
2.3,-7.9,1.5,-79.1,-86.8,-88.6
2.3,-7.9,1.5,-9,109.3,-62.7
-3.3,-2.9,-10.2,-9,109.3,-62.7
-7.8,1.4,-7.7,-9,109.3,-62.7
-7.8,1.4,-7.7,-31.4,115.8,98.8
-10.4,0.2,-2.9,-31.4,115.8,98.8
-10.4,0.2,-2.9,-79.1,-76.4,58.8
-1.4,-7.6,3.1,-79.1,-76.4,58.8
-1.4,-7.6,3.1,10.7,-98.7,-21.2
1.7,-7.4,-2.4,10.7,-98.7,-21.2
1.7,-7.4,-2.4,-36,-25.8,-113.5
1.7,-7.4,-2.4,-53.3,108.1,-14.3
-6.2,-2.6,-8.9,-53.3,108.1,-14.3
-9.2,2.7,-6.2,-53.3,108.1,-14.3
-9.2,2.7,-6.2,-39.2,106,74.8
-9.2,2.7,-6.2,-35.3,-40,71
-12,1.8,-3.6,-35.3,-40,71
-5,-5.6,3.2,-35.3,-40,71
-5,-5.6,3.2,-7.9,-148.4,-2.3
1.9,-5.9,-7.9,-7.9,-148.4,-2.3
1.9,-5.9,-7.9,-51.1,62.5,-105.6
-7.9,0.5,-4.9,-51.1,62.5,-105.6
-7.9,0.5,-4.9,-80.4,106.1,72.3
-7.9,0.5,-4.9,-78.7,-85.1,70.7
-11.8,4.3,1.4,-78.7,-85.1,70.7
-0.5,-6.5,2,-78.7,-85.1,70.7
-0.5,-6.5,2,7.7,-155.4,-107.5
-0.5,-6.5,2,-151.5,112.2,-144.9
-2.7,-2.5,-8.4,-151.5,112.2,-144.9
-8.9,0.7,-5.8,-151.5,112.2,-144.9
-8.9,0.7,-5.8,-18.8,99.1,100
-11.4,1.5,2.5,-18.8,99.1,100
-11.4,1.5,2.5,-91.2,-140.7,7
-11.4,1.5,2.5,13.5,-67.3,-103.4
3.6,-7.6,0.9,13.5,-67.3,-103.4
-4.3,-3,-10.1,13.5,-67.3,-103.4
-4.3,-3,-10.1,-120.3,145.2,-54.1
-4.3,-3,-10.1,-64.6,85.2,125
-11.2,0.5,-5.8,-64.6,85.2,125
-3.3,-4.9,2,-64.6,85.2,125
-3.3,-4.9,2,-69.5,-116.9,-17.3
4.6,-7.5,0.8,-69.5,-116.9,-17.3
4.6,-7.5,0.8,-88.6,-63.3,-53.3
4.6,-7.5,0.8,-98.6,153.3,-136.8
0.1,-3.5,-9,-98.6,153.3,-136.8
0.1,-3.5,-9,-29,63.3,98.3
-10.4,1.9,-5.4,-29,63.3,98.3
-9.9,-0.8,0.7,-29,63.3,98.3
-9.9,-0.8,0.7,-46.2,-81.4,136.7
0.3,-7.4,4.2,-46.2,-81.4,136.7
0.3,-7.4,4.2,-67.7,-101.7,-50.7
0.3,-7.4,4.2,-48.7,-34.9,-91.9
4.3,-8,-0.7,-48.7,-34.9,-91.9
-5.7,-1.2,-8.7,-48.7,-34.9,-91.9
-5.7,-1.2,-8.7,-212.7,200.2,-21.7
-5.7,-1.2,-8.7,-66.1,29.7,127.5
-9.8,2.8,-4,-66.1,29.7,127.5
-9.4,-1.3,3.7,-66.1,29.7,127.5
-9.4,-1.3,3.7,-62.5,-139.4,-0.5
4.5,-8.1,-0.3,-62.5,-139.4,-0.5
4.5,-8.1,-0.3,-45.3,-53.1,-101.1
4.5,-8.1,-0.3,-103.5,185.2,-73.8
-4.8,0.4,-9.8,-103.5,185.2,-73.8
-12.4,5,-1.7,-103.5,185.2,-73.8
-12.4,5,-1.7,-75.7,-8.7,137.9
-5.3,-4.4,1.8,-75.7,-8.7,137.9
-5.3,-4.4,1.8,-48.7,-190.6,7.1
-5.3,-4.4,1.8,-35.8,-32.4,-94.5
4.7,-7,-1.1,-35.8,-32.4,-94.5
4.7,-7,-1.1,-108.3,114.1,-35.7
-2.6,-2.1,-10.8,-108.3,114.1,-35.7
-2.6,-2.1,-10.8,-73.3,-12,132.6
-11.8,1.9,-4.7,-73.3,-12,132.6
-11.8,1.9,-4.7,-52.1,-204.8,-61.1
0,-4.8,2.2,-52.1,-204.8,-61.1
3.2,-3,-7.6,-52.1,-204.8,-61.1
3.2,-3,-7.6,-88,71.4,-115.6
3.2,-3,-7.6,-186.9,134.2,84.4
-7.8,1.5,-9.4,-186.9,134.2,84.4
-11.1,1.4,-0.8,-186.9,134.2,84.4
-11.1,1.4,-0.8,-32.5,-105.7,79.9
-11.1,1.4,-0.8,-4.6,-179.8,-75.6
-0.3,-6.5,2.5,-4.6,-179.8,-75.6
0,-0.9,-10.2,-4.6,-179.8,-75.6
0,-0.9,-10.2,-69.5,131.5,-128.8
-7.3,3.9,-6,-69.5,131.5,-128.8
-7.3,3.9,-6,-46,130.6,74.4
-10.4,0.1,-0.5,-46,130.6,74.4
-10.4,0.1,-0.5,-32.9,-87.4,120.2
2.8,-6.3,-0.5,-32.9,-87.4,120.2
2.8,-6.3,-0.5,-39.3,-122.4,-107.1
2.8,-6.3,-0.5,-110.8,98,-138.8
-1.5,-1.7,-7.7,-110.8,98,-138.8
-9.8,2.3,-5.9,-110.8,98,-138.8
-9.8,2.3,-5.9,-20.8,36.7,35
-9.9,0.9,-0.5,-20.8,36.7,35
-9.9,0.9,-0.5,-150.5,-98.2,70.6
-9.9,0.9,-0.5,-41.3,-79.4,-134.9
2.6,-6.3,1.2,-41.3,-79.4,-134.9
-7.2,1,-9.6,-41.3,-79.4,-134.9
-7.2,1,-9.6,-406,148.8,-45.2
-10.3,3.4,-2.2,-406,148.8,-45.2
-10.3,3.4,-2.2,-24.2,-44.5,120.6
-10.3,3.4,-2.2,-9.3,-179.2,10.9
-5.3,-4.3,2.7,-9.3,-179.2,10.9
-5.3,-4.3,2.7,-71.7,-37.4,-126.1
3.4,-6.4,-2.3,-71.7,-37.4,-126.1
-6.6,1.4,-10.1,-71.7,-37.4,-126.1
-6.6,1.4,-10.1,-66.4,158.8,25
-10.9,2.4,-4.8,-66.4,158.8,25
-10.9,2.4,-4.8,-42.6,-23.4,151.7
-2.2,-6.4,1.5,-42.6,-23.4,151.7
-2.2,-6.4,1.5,-15.1,-174.5,-23.8
3.9,-3.8,-8.3,-15.1,-174.5,-23.8
3.9,-3.8,-8.3,-97.4,21.2,-118.7
-6.3,4.1,-10.2,-97.4,21.2,-118.7
-6.3,4.1,-10.2,-50.7,205.2,100.5
-10.2,0.6,-3.4,-50.7,205.2,100.5
-10.2,0.6,-3.4,-57.2,-33.3,93.9
-1.4,-7,0.4,-57.2,-33.3,93.9
-1.4,-7,0.4,-36.4,-162.8,-70.2
2.1,-4.4,-10.3,-36.4,-162.8,-70.2
2.1,-4.4,-10.3,-72.2,91.3,-67
2.1,-4.4,-10.3,-152.8,122.2,81.8
-7.9,3.2,-7.4,-152.8,122.2,81.8
-7.9,3.2,-7.4,-89.1,-97.4,138.8
-10.1,0.3,-0.5,-89.1,-97.4,138.8
-1.4,-7.8,2.8,-89.1,-97.4,138.8
-1.4,-7.8,2.8,-44.5,-30.3,-49.6
-1.9,-3.5,-10.1,-44.5,-30.3,-49.6
-1.9,-3.5,-10.1,-21,39.4,-157.7
-1.9,-3.5,-10.1,-27.8,75.8,81.5
-8.5,2.1,-7,-27.8,75.8,81.5
-10.6,1.5,-3.7,-27.8,75.8,81.5
-10.6,1.5,-3.7,-62.6,-57.8,113.9
1,-5.8,2,-62.6,-57.8,113.9
1,-5.8,2,-106.4,-211.6,-49.3
1.3,-4.1,-6.8,-106.4,-211.6,-49.3
1.3,-4.1,-6.8,-121.3,102.8,-117.4
-6.4,2.3,-6.8,-121.3,102.8,-117.4
-6.4,2.3,-6.8,-78.4,148.4,91.8
-11.6,0.5,-5.2,-78.4,148.4,91.8
-11.6,0.5,-5.2,-36.1,-103.2,93.4
-11.6,0.5,-5.2,-19.6,-125.2,-79.2
2.9,-7.8,-2.1,-19.6,-125.2,-79.2
-3,-2,-9,-19.6,-125.2,-79.2
-3,-2,-9,-76.2,117.5,-47.3
-7.8,2.6,-6.4,-76.2,117.5,-47.3
-7.8,2.6,-6.4,-83.9,85.4,57.4
-11.1,2,-0.1,-83.9,85.4,57.4
-11.1,2,-0.1,-157.5,-54.5,114.9
-11.1,2,-0.1,-15.4,-172.3,-119.6
0.5,-6.4,1.5,-15.4,-172.3,-119.6
-5.2,-1.2,-10.7,-15.4,-172.3,-119.6
-5.2,-1.2,-10.7,-70.1,126.8,-107
-5.2,-1.2,-10.7,-74.6,-29.9,118.2
-14.9,4,-3.4,-74.6,-29.9,118.2
-14.9,4,-3.4,-97.9,-115.5,-58.4
-6.4,-2.3,3.5,-97.9,-115.5,-58.4
-6.4,-2.3,3.5,-45.9,-30.3,-101.2
4.5,-6.9,-0.1,-45.9,-30.3,-101.2
4.5,-6.9,-0.1,-120.7,188.7,3.6
-8.3,1.4,-8.7,-120.7,188.7,3.6
-13.6,4.6,-4.1,-120.7,188.7,3.6
-13.6,4.6,-4.1,-29.5,-23,130
-3.1,-4.4,1.6,-29.5,-23,130
-3.1,-4.4,1.6,-55.7,-148.5,36.8
-3.1,-4.4,1.6,-112.6,-64,-65.9
3.9,-7.5,-1.8,-112.6,-64,-65.9
3.9,-7.5,-1.8,-71,199.4,-11.9
-4.9,-1.6,-10.2,-71,199.4,-11.9
-4.9,-1.6,-10.2,-7.3,-1.8,143.7
-10.2,3.1,-7.2,-7.3,-1.8,143.7
-6.5,-4.5,-0.9,-7.3,-1.8,143.7
-6.5,-4.5,-0.9,-79,-128.3,42.2
3.7,-6.8,-3.2,-79,-128.3,42.2
3.7,-6.8,-3.2,-37.3,-12.8,-123.1
-7.3,0.4,-11,-37.3,-12.8,-123.1
-7.3,0.4,-11,-180,154.4,13.2
-10.2,3.2,-5.1,-180,154.4,13.2
-10.2,3.2,-5.1,-87,67.9,208
-2.4,-6.7,1.7,-87,67.9,208
-2.4,-6.7,1.7,-25.2,-138.1,-15.5
-2.4,-6.7,1.7,-130.3,-46,-215.2
6.2,-2.8,-3,-130.3,-46,-215.2
-5.9,2.6,-11.7,-130.3,-46,-215.2
-5.9,2.6,-11.7,-225.6,160.6,135.5
-5.9,2.6,-11.7,-99.1,-102.5,64.3
-11.4,1.3,-2,-99.1,-102.5,64.3
-11.4,1.3,-2,-14.1,-140.1,-85.7
0.2,-7.2,0,-14.1,-140.1,-85.7
1.4,-3.4,-8.6,-14.1,-140.1,-85.7
1.4,-3.4,-8.6,-87.4,64,-134.3
-11.1,4.4,-6,-87.4,64,-134.3
-11.1,4.4,-6,-76.3,53.5,65.7
-12.2,3.1,-2.7,-76.3,53.5,65.7
-12.2,3.1,-2.7,-47.2,-78.6,101.7
-1,-7.8,-0.1,-47.2,-78.6,101.7
-1,-7.8,-0.1,-29.4,-143.8,-56.3
-3.5,-2.6,-10.2,-29.4,-143.8,-56.3
-3.5,-2.6,-10.2,-113.6,101,-121.8
-11.3,5.1,-4.9,-113.6,101,-121.8
-11.3,5.1,-4.9,-1.1,27.6,150.7
-10.8,-0.4,0.5,-1.1,27.6,150.7
-10.8,-0.4,0.5,-128.7,-115.4,-17.2
2.4,-7.1,1.1,-128.7,-115.4,-17.2
2.4,-7.1,1.1,-111.6,-52,-110.1
2.4,-7.1,1.1,-97.6,174.2,-50.6
-3.3,1,-13,-97.6,174.2,-50.6
-10.6,3.1,-3.5,-97.6,174.2,-50.6
-10.6,3.1,-3.5,-137.9,36.7,204.7
-5.1,-4.8,5.7,-137.9,36.7,204.7
-5.1,-4.8,5.7,-113.2,-103.9,-43.5
-0.6,-4.7,0.9,-113.2,-103.9,-43.5
-0.6,-4.7,0.9,-105.9,162,-159.8
-9.4,2.2,-7.2,-105.9,162,-159.8
-9.4,2.2,-7.2,-49.2,145.2,128
-9.4,2.2,-7.2,-62.2,-99.7,70.3
-9.8,0.8,-1.9,-62.2,-99.7,70.3
-0.6,-7.8,0,-62.2,-99.7,70.3
-0.6,-7.8,0,-54.7,-132.3,-47.6
-0.8,-1.5,-10,-54.7,-132.3,-47.6
-0.8,-1.5,-10,-34.7,74.9,-139.5
-7.4,1.7,-7.6,-34.7,74.9,-139.5
-7.4,1.7,-7.6,-56.8,95.7,120.2
-8.6,-3.1,-2.5,-56.8,95.7,120.2
-8.6,-3.1,-2.5,-72.1,-94.9,65.6
-8.6,-3.1,-2.5,-38,-144.8,-117.1
1.5,-6.3,2.6,-38,-144.8,-117.1
1.5,-6.3,2.6,-199.6,102.1,-95.7
-3.4,-0.7,-16,-199.6,102.1,-95.7
-10.6,1.6,-4,-199.6,102.1,-95.7
-10.6,1.6,-4,-32.5,-5.1,180.2
-1.4,-5.7,5,-32.5,-5.1,180.2
-1.4,-5.7,5,-81.1,-90.2,-7.3
-1.4,-5.7,5,-56.5,16,-155.7
1.7,-5.4,-6.3,-56.5,16,-155.7
-5.8,0,-9.1,-56.5,16,-155.7
-5.8,0,-9.1,-2.2,120.7,82.8
-5.8,0,-9.1,-59.2,7.5,102.6
-10.4,-0.6,-4.7,-59.2,7.5,102.6
-3,-5.8,2.5,-59.2,7.5,102.6
-3,-5.8,2.5,-49,-138.3,11.3
4.4,-5.8,-3.3,-49,-138.3,11.3
4.4,-5.8,-3.3,3.2,-3.5,-106.5
-4.5,-0.7,-10.8,3.2,-3.5,-106.5
-4.5,-0.7,-10.8,-103.9,140.4,-8.9
-10.9,0.8,-5.8,-103.9,140.4,-8.9
-10.9,0.8,-5.8,-67.4,-16.2,118.1
-5,-7.4,2.1,-67.4,-16.2,118.1
-5,-7.4,2.1,-30.6,-156.2,-43.6
-5,-7.4,2.1,-43.7,54.4,-136.5
3.7,-4.4,-8.7,-43.7,54.4,-136.5
-4.5,-0.8,-11.2,-43.7,54.4,-136.5
-4.5,-0.8,-11.2,-61.9,85,30.7
-12.4,0.8,-3.5,-61.9,85,30.7
-12.4,0.8,-3.5,-41.2,3.3,125.3
-12.4,0.8,-3.5,-92.1,-90.6,-4.4
-6.4,-5.8,2.4,-92.1,-90.6,-4.4
-6.4,-5.8,2.4,-29.2,-36,-135.7
3.4,-6,-3.8,-29.2,-36,-135.7
-5.2,-0.5,-9.4,-29.2,-36,-135.7
-5.2,-0.5,-9.4,-80.2,137.2,6.5
-5.2,-0.5,-9.4,-48.4,-23.9,107.7
-12.6,2.5,-5.2,-48.4,-23.9,107.7
-5.7,-3.9,2.7,-48.4,-23.9,107.7
-5.7,-3.9,2.7,-79,-144.5,-8.5
-5.7,-3.9,2.7,-10,-79.9,-122.2
4.1,-6.2,-0.6,-10,-79.9,-122.2
0,-0.9,-11.6,-10,-79.9,-122.2
0,-0.9,-11.6,-173.5,140.2,-31.6
-10.1,0.9,-7.6,-173.5,140.2,-31.6
-10.1,0.9,-7.6,-30.2,1.2,126.3
-2.3,-6.3,0.4,-30.2,1.2,126.3
-2.3,-6.3,0.4,0.4,-122.6,49.5
2.9,-5.1,-7.8,0.4,-122.6,49.5
2.9,-5.1,-7.8,-128.6,18.5,-172.6
2.9,-5.1,-7.8,-40.1,102.6,48.8
-6.6,2.1,-12,-40.1,102.6,48.8
-6.6,2.1,-12,-24.2,-56.5,79.1
-11.8,3.2,-3.3,-24.2,-56.5,79.1
-11.8,3.2,-3.3,-84.4,-163,-66.4
-1.5,-6.4,0.1,-84.4,-163,-66.4
-5.1,-2.7,-7.6,-84.4,-163,-66.4
-5.1,-2.7,-7.6,-87.2,131.5,-71.9
-8.7,2.8,-8.4,-87.2,131.5,-71.9
-8.7,2.8,-8.4,-62.1,102.3,101.6
-10.9,1.8,-3.1,-62.1,102.3,101.6
-10.9,1.8,-3.1,-68.6,-51.1,107.8
-10.9,1.8,-3.1,-13.3,-118.8,-26.9
-4.4,-6.9,0.6,-13.3,-118.8,-26.9
-0.9,-3.8,-7.7,-13.3,-118.8,-26.9
-0.9,-3.8,-7.7,-78.1,43.8,-131.7
-5.5,1.5,-10.7,-78.1,43.8,-131.7
-5.5,1.5,-10.7,-11.7,79.8,36.5
-9.9,1.5,-7.7,-11.7,79.8,36.5
-9.9,1.5,-7.7,-67.2,-6.3,182.9
-4.7,-6,3.7,-67.2,-6.3,182.9
-4.7,-6,3.7,-62.8,-85.3,-15
5.6,-5.9,-2.9,-62.8,-85.3,-15
5.6,-5.9,-2.9,-90.8,16.8,-112.9
-3.3,0.4,-11.2,-90.8,16.8,-112.9
-3.3,0.4,-11.2,-116.1,138.5,-6.2
-9.4,2.1,-6.3,-116.1,138.5,-6.2
-9.4,2.1,-6.3,-98.2,35.6,200
-2,-7.2,1.9,-98.2,35.6,200
-2,-7.2,1.9,-85,-96.2,-90.5
0.9,-2.4,-11.3,-85,-96.2,-90.5
0.9,-2.4,-11.3,-43,57.4,-125.6
0.9,-2.4,-11.3,-10.9,150.9,90.8
-6.6,4,-11.2,-10.9,150.9,90.8
-9.2,-2.4,-4,-10.9,150.9,90.8
-9.2,-2.4,-4,-85.2,-69.4,100.8
2.2,-7.5,-3.2,-85.2,-69.4,100.8
2.2,-7.5,-3.2,-27.3,-55.5,-104.7
2.2,-7.5,-3.2,-139,71.8,-72.6
-1.1,-1.6,-13.1,-139,71.8,-72.6
-11.7,1.7,-6.4,-139,71.8,-72.6
-11.7,1.7,-6.4,-33,21.1,138.9
-5.2,-5.3,1,-33,21.1,138.9
-5.2,-5.3,1,-41.8,-130.3,-3.3
-5.2,-5.3,1,-96,46.6,-106
2.4,-6.1,-2.1,-96,46.6,-106
2.4,-6.1,-2.1,-56.6,114.5,16.9
-6.2,-0.4,-10.3,-56.6,114.5,16.9
-6.2,-0.4,-10.3,-49,14.7,113.6
-8.9,-0.1,-6.7,-49,14.7,113.6
-4.9,-5.3,2,-49,14.7,113.6
-4.9,-5.3,2,-70.3,-126.8,-23.2
-2.2,-3.3,-8.6,-70.3,-126.8,-23.2
-2.2,-3.3,-8.6,-14.7,113.2,-121.7
-7,1.9,-11.4,-14.7,113.2,-121.7
-7,1.9,-11.4,-45.7,91.9,57.2
-11.4,-0.6,-2.8,-45.7,91.9,57.2
-11.4,-0.6,-2.8,-19.7,-56.1,105.6
-11.4,-0.6,-2.8,-71.5,-99.4,-46.2
2,-7,-2.6,-71.5,-99.4,-46.2
-2.1,-2,-10.8,-71.5,-99.4,-46.2
-2.1,-2,-10.8,-69,76.8,-102.3
-2.1,-2,-10.8,-110,77.2,178.4
-13,5.3,-5.8,-110,77.2,178.4
-6,-3.6,1.7,-110,77.2,178.4
-6,-3.6,1.7,-41.7,-124.2,-16.1
-6,-3.6,1.7,-74.8,-11.3,-166.9
1,-5.9,-4.7,-74.8,-11.3,-166.9
-4.9,0.2,-12.2,-74.8,-11.3,-166.9
-4.9,0.2,-12.2,-73.7,125.7,23.1
-9.8,0.7,-4.3,-73.7,125.7,23.1
-9.8,0.7,-4.3,-77.5,-45.7,124.9
-2.7,-6.7,2.5,-77.5,-45.7,124.9
-2.7,-6.7,2.5,-53.5,-112.7,-73.9
-2.3,-2.8,-9.3,-53.5,-112.7,-73.9
-2.3,-2.8,-9.3,-5,97.2,-103.4
-7.3,1.8,-9.3,-5,97.2,-103.4
-7.3,1.8,-9.3,-39.4,75.8,74.6
-10.2,-1,-4,-39.4,75.8,74.6
-10.2,-1,-4,-59.5,-54,101.4
-2.9,-8.1,-0.2,-59.5,-54,101.4
-2.9,-8.1,-0.2,-35.5,-114.7,-35
1.7,-2.7,-9.4,-35.5,-114.7,-35
1.7,-2.7,-9.4,-47.5,44.7,-134.2
-9.5,2.7,-9.7,-47.5,44.7,-134.2
-9.5,2.7,-9.7,-54.6,123.2,69.8
-9.4,0.2,-3.1,-54.6,123.2,69.8
-9.4,0.2,-3.1,-70.3,-58.6,96.1
-0.7,-6.3,0.3,-70.3,-58.6,96.1
-0.7,-6.3,0.3,6.3,-204.9,16.5
2.5,-3.3,-9.7,6.3,-204.9,16.5
2.5,-3.3,-9.7,-73.9,60.6,-141.8
-5.6,0.8,-10.7,-73.9,60.6,-141.8
-5.6,0.8,-10.7,-20.3,99.9,51
-5.6,0.8,-10.7,-50.2,-12.7,119.9
-10,-0.4,-4.2,-50.2,-12.7,119.9
-10,-0.4,-4.2,-31.9,-141.4,-48
-1.4,-6.7,1.8,-31.9,-141.4,-48
0.5,-4.7,-7.5,-31.9,-141.4,-48
0.5,-4.7,-7.5,-23.3,46.5,-129.9
-6.1,-0.2,-10.2,-23.3,46.5,-129.9
-6.1,-0.2,-10.2,-38.8,81.8,21.6
-12.5,1.8,-5.3,-38.8,81.8,21.6
-12.5,1.8,-5.3,-52,-8.6,114.6
-5,-4.3,2.6,-52,-8.6,114.6
-5,-4.3,2.6,-80.7,-136.4,3.1
-5,-4.3,2.6,-53.5,65.7,-139.2
-0.2,-4.9,-7.8,-53.5,65.7,-139.2
-7.6,1.8,-8.2,-53.5,65.7,-139.2
-7.6,1.8,-8.2,-55.3,117.4,38.9
-10.5,3.6,-2.5,-55.3,117.4,38.9
-10.5,3.6,-2.5,-32.7,-21.1,141.9
-10.5,3.6,-2.5,-14.3,-159.6,-34
-5.4,-3.8,1,-14.3,-159.6,-34
-5.4,-3.8,1,-16,33.4,-133.1
-0.1,-4.6,-6.6,-16,33.4,-133.1
-0.1,-4.6,-6.6,-119.6,130.6,41
-6.8,2.5,-10.5,-119.6,130.6,41
-10.5,1.9,-2.1,-119.6,130.6,41
-10.5,1.9,-2.1,-33.7,-60,134.3
-10.5,1.9,-2.1,-56.7,-112.4,-8.9
-5.1,-6.6,0.1,-56.7,-112.4,-8.9
-5.1,-6.6,0.1,-48,23.7,-157.4
0.6,-4.8,-6.8,-48,23.7,-157.4
-8.8,1.2,-6.9,-48,23.7,-157.4
-8.8,1.2,-6.9,-51.3,92.2,69.2
-11.7,1.8,-2.1,-51.3,92.2,69.2
-11.7,1.8,-2.1,-40.3,-36.5,87.6
-1.1,-5.3,0.5,-40.3,-36.5,87.6
-1.1,-5.3,0.5,22.2,-112.1,-81.1
-4.9,-0.6,-9.7,22.2,-112.1,-81.1
-4.9,-0.6,-9.7,-50.7,132.6,-90.7
-6.7,3.5,-9.8,-50.7,132.6,-90.7
-6.7,3.5,-9.8,-75.7,91.5,133.4
-6.7,3.5,-9.8,-32.9,-74.6,30.4
-8.9,-1.2,-4.1,-32.9,-74.6,30.4
-1,-6.8,-1,-32.9,-74.6,30.4
-1,-6.8,-1,-57.9,-100.4,-49.1
-3.1,-3.2,-8.5,-57.9,-100.4,-49.1
-3.1,-3.2,-8.5,11.4,48.7,-87.8
-3.1,-3.2,-8.5,-22.1,62.8,109.8
-9,2.2,-7.9,-22.1,62.8,109.8
-9,2.2,-7.9,-45.4,-37.3,110.8
-10.9,1,-4.9,-45.4,-37.3,110.8
-2.4,-6,1.2,-45.4,-37.3,110.8
-2.4,-6,1.2,-0.5,-143.7,-37.2
-2.4,-6,1.2,-94.4,28.6,-128.8
0.5,-2.7,-10.2,-94.4,28.6,-128.8
-6.1,4.9,-10.2,-94.4,28.6,-128.8
-6.1,4.9,-10.2,-13.7,102.6,18.7
-7.1,2,-7.6,-13.7,102.6,18.7
-7.1,2,-7.6,-45.2,-9.2,105.1
-7.1,2,-7.6,1,-96.8,-16.5
-5.5,-4.9,-3.7,1,-96.8,-16.5
0.4,-5.5,-3.7,1,-96.8,-16.5
0.4,-5.5,-3.7,-56.2,15.2,-114.2
-6.1,0,-8.2,-56.2,15.2,-114.2
-6.1,0,-8.2,19.8,56.8,-20
-7.6,2.6,-7.3,19.8,56.8,-20
-7.6,2.6,-7.3,-25.2,27.9,102.2
-8.4,-3.3,-2.1,-25.2,27.9,102.2
-8.4,-3.3,-2.1,-45.4,-92.4,69.8
0,-6.6,-2.1,-45.4,-92.4,69.8
0,-6.6,-2.1,-57.8,-36.8,-127.6
-6.5,-0.9,-10.9,-57.8,-36.8,-127.6
-6.5,-0.9,-10.9,-5,81.9,-35.5
-9.7,2,-8.4,-5,81.9,-35.5
-9.7,2,-8.4,-4.4,13.4,104.7
-8.1,-3.5,-1.8,-4.4,13.4,104.7
-8.1,-3.5,-1.8,-22.8,-65.3,30.6
-0.3,-7.1,0.6,-22.8,-65.3,30.6
-0.3,-7.1,0.6,-23.9,-121.4,-38.1
-0.3,-7.1,0.6,-87.3,138.5,-105
-1,-1.5,-10.6,-87.3,138.5,-105
-1,-1.5,-10.6,8.9,77.2,100.6
-9.2,3.2,-8.2,8.9,77.2,100.6
-9.9,-2.2,-2.7,8.9,77.2,100.6
-9.9,-2.2,-2.7,-27.7,-55.2,64.5
-2.8,-7.2,-0.3,-27.7,-55.2,64.5
-2.8,-7.2,-0.3,-62.5,-102.1,-47.8
-2.8,-7.2,-0.3,-38.2,107.8,-124.4
-5.2,-1.8,-10.5,-38.2,107.8,-124.4
-8.9,3.3,-6.6,-38.2,107.8,-124.4
-8.9,3.3,-6.6,-8,67.5,47.8
-8.9,3.3,-6.6,-42.6,-32.8,74.6
-10,1.5,-3,-42.6,-32.8,74.6
-7.5,-4.7,-1.9,-42.6,-32.8,74.6
-7.5,-4.7,-1.9,13.4,-106.2,-9.9
3.5,-6.4,-6.3,13.4,-106.2,-9.9
3.5,-6.4,-6.3,-72.8,41.6,-88.1
-12,2.2,-9.1,-72.8,41.6,-88.1
-12,2.2,-9.1,-154.5,132.3,16.8
-10.9,4.4,-0.6,-154.5,132.3,16.8
-10.9,4.4,-0.6,-9.2,-75.6,95.2
-6.8,-3.1,0.3,-9.2,-75.6,95.2
-6.8,-3.1,0.3,-3.2,-142.9,21.2
4,-4.1,-4.7,-3.2,-142.9,21.2
4,-4.1,-4.7,-29.6,-25.2,-155.5
-4.5,3,-10,-29.6,-25.2,-155.5
-4.5,3,-10,-71.9,118.7,-23.9
-10,3.7,-9,-71.9,118.7,-23.9
-10,3.7,-9,-4.4,-16.5,100.3
-6.7,-4.7,-3,-4.4,-16.5,100.3
-6.7,-4.7,-3,-36.4,-128.1,16.8
0.4,-4,-7.9,-36.4,-128.1,16.8
0.4,-4,-7.9,-57.3,16.2,-138
-7.4,3.5,-11.6,-57.3,16.2,-138
-7.4,3.5,-11.6,81.5,67.4,-18.3
-9.5,2.8,-6.1,81.5,67.4,-18.3
-9.5,2.8,-6.1,-38.8,-18.3,76.4
-9.5,2.8,-6.1,-40.2,-134.4,-9.4
-6.3,-4,-1.7,-40.2,-134.4,-9.4
-6.3,-4,-1.7,-44.5,112.8,-80.8
0.9,-4.2,-10.9,-44.5,112.8,-80.8
0.9,-4.2,-10.9,-39.7,101.6,31
-8,3.8,-9.6,-39.7,101.6,31
-8,3.8,-9.6,-54.7,-25.5,98.8
-10.1,1.7,-5.4,-54.7,-25.5,98.8
-5.4,-5.7,-1.3,-54.7,-25.5,98.8
-5.4,-5.7,-1.3,-54,-117.1,-0.8
-5.4,-5.7,-1.3,-9.9,29.3,-97.4
-1.6,-3.6,-10.6,-9.9,29.3,-97.4
-7.2,5.3,-8.6,-9.9,29.3,-97.4
-7.2,5.3,-8.6,-0.7,101.7,34.6
-7.2,5.3,-8.6,-44.8,-94.6,94.7
-8.9,2.4,-4.8,-44.8,-94.6,94.7
-3,-6.8,-1.5,-44.8,-94.6,94.7
-3,-6.8,-1.5,-43,-140.2,-19.2
-3,-6.8,-1.5,-84.9,123.6,-99.6
-1.8,-2.1,-9.3,-84.9,123.6,-99.6
-7.8,4.7,-8.7,-84.9,123.6,-99.6
-7.8,4.7,-8.7,-90,96.4,53.6
-8.3,1.2,-4.2,-90,96.4,53.6
-8.3,1.2,-4.2,-6.9,-92.1,90.3
-4,-5.5,-1.5,-6.9,-92.1,90.3
-4,-5.5,-1.5,-103.4,-98.2,-83.4
-6.1,0.7,-7.5,-103.4,-98.2,-83.4
-6.1,0.7,-7.5,-50.3,162.1,3.5
-11,5.9,-4.7,-50.3,162.1,3.5
-11,5.9,-4.7,-51.4,-19.7,109.3
-11,5.9,-4.7,-29.7,-135.6,93.5
-8.3,-2.5,-1.2,-29.7,-135.6,93.5
1.9,-6.6,-7.3,-29.7,-135.6,93.5
1.9,-6.6,-7.3,-32.9,-19.4,-128.2
-5.6,3.2,-9.5,-32.9,-19.4,-128.2
-5.6,3.2,-9.5,-23,139.5,-51.8
-5.6,3.2,-9.5,-47.9,-1.5,76.3
-7.3,2.2,-8.5,-47.9,-1.5,76.3
-7.3,2.2,-8.5,-54.8,-110.1,39.9
-5.6,-4.8,-3.1,-54.8,-110.1,39.9
-0.1,-4.6,-7,-54.8,-110.1,39.9
-0.1,-4.6,-7,-85.4,30.4,-156.7
-0.1,-4.6,-7,-124,125.4,36.8
-7.9,4.1,-10.1,-124,125.4,36.8
-11.6,4.6,-5.2,-124,125.4,36.8
-11.6,4.6,-5.2,15.9,-60.7,93.8
-11.6,4.6,-5.2,-64.3,-116.2,-2.9
-4.6,-4.3,-0.3,-64.3,-116.2,-2.9
-2.7,-3.2,-10.2,-64.3,-116.2,-2.9
-2.7,-3.2,-10.2,-139.2,121.1,-96.3
-7.3,4.6,-9.5,-139.2,121.1,-96.3
-7.3,4.6,-9.5,-1.8,96.5,45.1
-9,3,-5.7,-1.8,96.5,45.1
-9,3,-5.7,-14.1,-53.6,132.3
-9,3,-5.7,-31.2,-120.6,38.1
-3.9,-6.6,-2.3,-31.2,-120.6,38.1
3,-2.1,-5.9,-31.2,-120.6,38.1
3,-2.1,-5.9,-84.6,50.8,-142.2
-4,3.6,-13.3,-84.6,50.8,-142.2
-4,3.6,-13.3,-38.2,94.3,21.2
-6.8,0.7,-8.5,-38.2,94.3,21.2
-6.8,0.7,-8.5,-34.7,-24.9,163
-0.2,-5.5,1.1,-34.7,-24.9,163
-0.2,-5.5,1.1,-140,-112,-75.4
-8.7,-0.1,-9.6,-140,-112,-75.4
-8.7,-0.1,-9.6,-191,130.5,-70.4
-9.7,3.3,-8.3,-191,130.5,-70.4
-9.7,3.3,-8.3,-2.1,22,98.9
-9.2,-1.3,-2.7,-2.1,22,98.9
-9.2,-1.3,-2.7,-63,-111.5,84.7
2,-6.3,-4.2,-63,-111.5,84.7
2,-6.3,-4.2,-66.1,-24.6,-107.3
-8.8,2,-10.2,-66.1,-24.6,-107.3
-8.8,2,-10.2,98.1,94.8,-51.7
-8.8,2,-10.2,-26.2,28.4,88
-6.9,2.4,-8.6,-26.2,28.4,88
-8.9,-1.4,-4.5,-26.2,28.4,88
-8.9,-1.4,-4.5,-47.8,-121.1,83.3
1.9,-6,-3,-47.8,-121.1,83.3
1.9,-6,-3,-139.2,-70.1,-83.1
